{"cameraMode":{"drawMode":0,"name":"Shaded","section":"Shading Mode"},"sceneLighting":true,"audioPlay":false,"sceneViewState":{"showFog":true,"showMaterialUpdate":false,"showSkybox":false,"showFlares":true,"showImageEffects":true,"showParticleSystems":true},"in2DMode":false,"pivot":{"x":240.0,"y":130.27894592285157,"z":1.0226445198059083},"rotation":{"x":-0.02146291919052601,"y":0.8609228730201721,"z":-0.03644711896777153,"w":-0.5069757103919983},"size":921.1586303710938,"orthographic":false}